{"cameraMode":{"drawMode":0,"name":"Shaded","section":"Shading Mode"},"sceneLighting":false,"audioPlay":false,"sceneViewState":{"m_AlwaysRefresh":false,"showFog":true,"showSkybox":false,"showFlares":true,"showImageEffects":true,"showParticleSystems":true,"showVisualEffectGraphs":true,"m_FxEnabled":true},"in2DMode":false,"pivot":{"x":-0.00009590387344360352,"y":0.8015390634536743,"z":0.07532685995101929},"rotation":{"x":0.2233499437570572,"y":-0.1496211439371109,"z":0.034736692905426028,"w":0.9625853300094605},"size":1.3028924465179444,"orthographic":false}